90s-babesnft,
alphagirlclub,
bff-friendship-bracelets,
block-babez,
bossbabesofficial,
cryptovenusnft,
cryptotechwomennft,
everyday-goddesses,
eyesoffashionnft,
girl-code-club-collection,
mystic-sisterhood,
rebelsociety,
sisterhoodclubofficial,
women-from-venus,
win-genesis,
womenoffuture,
womenrise,
official-women-tribe,
world-of-women-nft,
bossbabesofficial,
girls-riding-things,
pixiejars,
the-divine-nft,
sacred-skulls-official,
wow-pixies-v2,
fortuna-nft,
everyday-goddesses,
beyondpower,
notyourbro,
allbright-super-rare-sisters